Workbook

Sheet Lista
A1: ds_estabelecimento | B1: Inicio | C1: Final
A2: DaVita Holding | B2: =Parametros!$A$2 -> 46023 | C2: =Parametros!$B$2 -> 46265
A3: DaVita Penha | B3: =Parametros!$A$2 -> 46023 | C3: =Parametros!$B$2 -> 46265
A4: DaVita Recife | B4: =Parametros!$A$2 -> 46023 | C4: =Parametros!$B$2 -> 46265
A5: DaVita Botafogo | B5: =Parametros!$A$2 -> 46023 | C5: =Parametros!$B$2 -> 46265
A6: DaVita Sao Bernardo | B6: =Parametros!$A$2 -> 46023 | C6: =Parametros!$B$2 -> 46265
A7: DaVita Joao Dias | B7: =Parametros!$A$2 -> 46023 | C7: =Parametros!$B$2 -> 46265
A8: DaVita Niteroi | B8: =Parametros!$A$2 -> 46023 | C8: =Parametros!$B$2 -> 46265
A9: DaVita CAV | B9: =Parametros!$A$2 -> 46023 | C9: =Parametros!$B$2 -> 46265
A10: DaVita Londrina | B10: =Parametros!$A$2 -> 46023 | C10: =Parametros!$B$2 -> 46265
A11: DaVita Rolandia | B11: =Parametros!$A$2 -> 46023 | C11: =Parametros!$B$2 -> 46265
A12: DaVita Arapongas | B12: =Parametros!$A$2 -> 46023 | C12: =Parametros!$B$2 -> 46265
A13: DaVita Santos | B13: =Parametros!$A$2 -> 46023 | C13: =Parametros!$B$2 -> 46265
... A149: DaVita Niteroi II | B149: =Parametros!$A$2 -> 46023 | C149: =Parametros!$B$2 -> 46265

Sheet Parametros
A1: Inicio | B1: Final
A2: 46023 | B2: 46265
