Workbook

Sheet Lista_Unidades
A1: unidade | B1: mes | C1: ano
A2: DaVita Alvorada | B2: =TEXT('Referencia'!$A$2,"MMM") -> mai | C2: =TEXT('Referencia'!$A$2,"aaaa") -> 2026
A3: DaVita Amazonia | B3: =TEXT('Referencia'!$A$2,"MMM") -> mai | C3: =TEXT('Referencia'!$A$2,"aaaa") -> 2026
A4: DaVita Arapongas | B4: =TEXT('Referencia'!$A$2,"MMM") -> mai | C4: =TEXT('Referencia'!$A$2,"aaaa") -> 2026
A5: DaVita Araraquara | B5: =TEXT('Referencia'!$A$2,"MMM") -> mai | C5: =TEXT('Referencia'!$A$2,"aaaa") -> 2026
A6: DaVita Bauru | B6: =TEXT('Referencia'!$A$2,"MMM") -> mai | C6: =TEXT('Referencia'!$A$2,"aaaa") -> 2026
A7: DaVita Boa Vista | B7: =TEXT('Referencia'!$A$2,"MMM") -> mai | C7: =TEXT('Referencia'!$A$2,"aaaa") -> 2026
A8: DaVita Bueno | B8: =TEXT('Referencia'!$A$2,"MMM") -> mai | C8: =TEXT('Referencia'!$A$2,"aaaa") -> 2026
A9: DaVita Campo Grande | B9: =TEXT('Referencia'!$A$2,"MMM") -> mai | C9: =TEXT('Referencia'!$A$2,"aaaa") -> 2026
A10: DaVita Caraguatatuba | B10: =TEXT('Referencia'!$A$2,"MMM") -> mai | C10: =TEXT('Referencia'!$A$2,"aaaa") -> 2026
A11: DaVita Franca | B11: =TEXT('Referencia'!$A$2,"MMM") -> mai | C11: =TEXT('Referencia'!$A$2,"aaaa") -> 2026
A12: DaVita Goiânia | B12: =TEXT('Referencia'!$A$2,"MMM") -> mai | C12: =TEXT('Referencia'!$A$2,"aaaa") -> 2026
A13: DaVita Hortolandia | B13: =TEXT('Referencia'!$A$2,"MMM") -> mai | C13: =TEXT('Referencia'!$A$2,"aaaa") -> 2026
... A48: DaVita Savassi | B48: =TEXT('Referencia'!$A$2,"MMM") -> mai | C48: =TEXT('Referencia'!$A$2,"aaaa") -> 2026

Sheet Referencia
A1: Data
A2: 46143
